CreateRun.py,CreateRun.py,data.xml,,,
C3931393.py,C3931393.py,data.xml,,,USERNAME1
C3931394.py,C3931394.py,data.xml,,,USERNAME2
C4006195.py,C4006195.py,data.xml,,,USERNAME3
C4006196.py,C4006196.py,data.xml,,,USERNAME4
C3931395.py,C3931395.py,data.xml,,,USERNAME5
C4006197.py,C4006197.py,data.xml,,,USERNAME6
C3931396.py,C3931396.py,data.xml,,,USERNAME7
C4006198.py,C4006198.py,data.xml,,,USERNAME8
C4006199.py,C4006199.py,data.xml,,,USERNAME9
C4006207.py,C4006207.py,data.xml,,,USERNAME10
C3931397.py,C3931397.py,data.xml,,,USERNAME11
C4006222.py,C4006222.py,data.xml,,,USERNAME12
C4006224.py,C4006224.py,data.xml,,,USERNAME13
C4006225.py,C4006225.py,data.xml,,,USERNAME14
C4006226.py,C4006226.py,data.xml,,,USERNAME15
C3931398.py,C3931398.py,data.xml,,,USERNAME16
C3931399.py,C3931399.py,data.xml,,,USERNAME17
C3931400.py,C3931400.py,data.xml,,,USERNAME18
C3931401.py,C3931401.py,data.xml,,,USERNAME19
C4006228.py,C4006228.py,data.xml,,,USERNAME20
C4006229.py,C4006229.py,data.xml,,,USERNAME21
C4006230.py,C4006230.py,data.xml,,,USERNAME22
C4006231.py,C4006231.py,data.xml,,,USERNAME23
C4006232.py,C4006232.py,data.xml,,,USERNAME24
C4006233.py,C4006233.py,data.xml,,,USERNAME25
C4006234.py,C4006234.py,data.xml,,,USERNAME26
C4006237.py,C4006237.py,data.xml,,,USERNAME27
C4006240.py,C4006240.py,data.xml,,,USERNAME29
C4006250.py,C4006250.py,data.xml,,,USERNAME30
C4006251.py,C4006251.py,data.xml,,,USERNAME31
C4006252.py,C4006252.py,data.xml,,,USERNAME32
C4006253.py,C4006253.py,data.xml,,,USERNAME33
C4006256.py,C4006256.py,data.xml,,,USERNAME34
C4006257.py,C4006257.py,data.xml,,,USERNAME35
C4006259.py,C4006259.py,data.xml,,,USERNAME36
C4006260.py,C4006260.py,data.xml,,,USERNAME37
C3931406.py,C3931406.py,data.xml,,,USERNAME38
C4006267.py,C4006267.py,data.xml,,,USERNAME39
C4006269.py,C4006269.py,data.xml,,,USERNAME40
C4006270.py,C4006270.py,data.xml,,,USERNAME41
C4006271.py,C4006271.py,data.xml,,,USERNAME42
C4006273.py,C4006273.py,data.xml,,,USERNAME43
C4006276.py,C4006276.py,data.xml,,,USERNAME44
C4006401.py,C4006401.py,data.xml,,,USERNAME45
C4006402.py,C4006402.py,data.xml,,,USERNAME46
C4006404.py,C4006404.py,data.xml,,,USERNAME47
C4006405.py,C4006405.py,data.xml,,,USERNAME48
C4006406.py,C4006406.py,data.xml,,,USERNAME49
C4006407.py,C4006407.py,data.xml,,,USERNAME50
C4006408.py,C4006408.py,data.xml,,,USERNAME51
C4006411.py,C4006411.py,data.xml,,,USERNAME52
C4006412.py,C4006412.py,data.xml,,,USERNAME53
C4006413.py,C4006413.py,data.xml,,,USERNAME54
C4006414.py,C4006414.py,data.xml,,,USERNAME55
C4006415.py,C4006415.py,data.xml,,,USERNAME56
C4006416.py,C4006416.py,data.xml,,,USERNAME57
C3931416.py,C3931416.py,data.xml,,,USERNAME58
C4006417.py,C4006417.py,data.xml,,,USERNAME59
C3931417.py,C3931417.py,data.xml,,,USERNAME60
C4006419.py,C4006419.py,data.xml,,,USERNAME61
C4006684.py,C4006684.py,data.xml,,,USERNAME62
C3931418.py,C3931418.py,data.xml,,,USERNAME63
C3935383.py,C3935383.py,data.xml,,,USERNAME64
C3935384.py,C3935384.py,data.xml,,,USERNAME65
C3935385.py,C3935385.py,data.xml,,,USERNAME66
C3933740.py,C3933740.py,data.xml,,,USERNAME67
C3935475.py,C3935475.py,data.xml,,,USERNAME68
C3935476.py,C3935476.py,data.xml,,,USERNAME69
C3935502.py,C3935502.py,data.xml,,,USERNAME70
C3935503.py,C3935503.py,data.xml,,,USERNAME71
C3935507.py,C3935507.py,data.xml,,,USERNAME72
C4005605.py,C4005605.py,data.xml,,,USERNAME73
C4005606.py,C4005606.py,data.xml,,,USERNAME74
C4005607.py,C4005607.py,data.xml,,,USERNAME75
C3931419.py,C3931419.py,data.xml,,,USERNAME76
C3931420.py,C3931420.py,data.xml,,,USERNAME77
C4006423.py,C4006423.py,data.xml,,,USERNAME78
C4006424.py,C4006424.py,data.xml,,,USERNAME79
C4006425.py,C4006425.py,data.xml,,,USERNAME80
C4006429.py,C4006429.py,data.xml,,,USERNAME81
C4006430.py,C4006430.py,data.xml,,,USERNAME82
C3931421.py,C3931421.py,data.xml,,,USERNAME83
C4006431.py,C4006431.py,data.xml,,,USERNAME84
C4006432.py,C4006432.py,data.xml,,,USERNAME85
C4006433.py,C4006433.py,data.xml,,,USERNAME86
C4006444.py,C4006444.py,data.xml,,,USERNAME87
C4006445.py,C4006445.py,data.xml,,,USERNAME88
C4005979.py,C4005979.py,data.xml,,,USERNAME89
C4006160.py,C4006160.py,data.xml,,,USERNAME90
C4006166.py,C4006166.py,data.xml,,,USERNAME91
C4006495.py,C4006495.py,data.xml,,,USERNAME92
C4006496.py,C4006496.py,data.xml,,,USERNAME93
C4006497.py,C4006497.py,data.xml,,,USERNAME94
C4006498.py,C4006498.py,data.xml,,,USERNAME95
C4006499.py,C4006499.py,data.xml,,,USERNAME96
C4006507.py,C4006507.py,data.xml,,,USERNAME97
C4006508.py,C4006508.py,data.xml,,,USERNAME98
C4006509.py,C4006509.py,data.xml,,,USERNAME99
C4006516.py,C4006516.py,data.xml,,,USERNAME100
C3933743.py,C3933743.py,data.xml,,,USERNAME101
C4006665.py,C4006665.py,data.xml,,,USERNAME102
C4006666.py,C4006666.py,data.xml,,,USERNAME103
C4006667.py,C4006667.py,data.xml,,,USERNAME104
C3931429.py,C3931429.py,data.xml,,,USERNAME114
C3931430.py,C3931430.py,data.xml,,,USERNAME115
C3932209.py,C3932209.py,data.xml,,,USERNAME116
C4009729.py,C4009729.py,data.xml,,,USERNAME117
C3932210.py,C3932210.py,data.xml,,,USERNAME118
C3932211.py,C3932211.py,data.xml,,,USERNAME119
C4009730.py,C4009730.py,data.xml,,,USERNAME120
C4009731.py,C4009731.py,data.xml,,,USERNAME121
C4009732.py,C4009732.py,data.xml,,,USERNAME122
C4009733.py,C4009733.py,data.xml,,,USERNAME123
C4009734.py,C4009734.py,data.xml,,,USERNAME124
C4009736.py,C4009736.py,data.xml,,,USERNAME125
C4009737.py,C4009737.py,data.xml,,,USERNAME126
C4009738.py,C4009738.py,data.xml,,,USERNAME127
C4009740.py,C4009740.py,data.xml,,,USERNAME128
C4009741.py,C4009741.py,data.xml,,,USERNAME129
C4009742.py,C4009742.py,data.xml,,,USERNAME130
C4009743.py,C4009743.py,data.xml,,,USERNAME131
C4009744.py,C4009744.py,data.xml,,,USERNAME132
C4009745.py,C4009745.py,data.xml,,,USERNAME133
C4009746.py,C4009746.py,data.xml,,,USERNAME134
C4009747.py,C4009747.py,data.xml,,,USERNAME135
C4009748.py,C4009748.py,data.xml,,,USERNAME136
C4009749.py,C4009749.py,data.xml,,,USERNAME137
C4009750.py,C4009750.py,data.xml,,,USERNAME138
C4009751.py,C4009751.py,data.xml,,,USERNAME139
C4009752.py,C4009752.py,data.xml,,,USERNAME140
C4009753.py,C4009753.py,data.xml,,,USERNAME141
C4009754.py,C4009754.py,data.xml,,,USERNAME142
C4009755.py,C4009755.py,data.xml,,,USERNAME143
C4009756.py,C4009756.py,data.xml,,,USERNAME144
C4009757.py,C4009757.py,data.xml,,,USERNAME145
C4009758.py,C4009758.py,data.xml,,,USERNAME146
C4009759.py,C4009759.py,data.xml,,,USERNAME147
C4009760.py,C4009760.py,data.xml,,,USERNAME148
C4009761.py,C4009761.py,data.xml,,,USERNAME149
C4009762.py,C4009762.py,data.xml,,,USERNAME150
C4009763.py,C4009763.py,data.xml,,,USERNAME151
C3932212.py,C3932212.py,data.xml,,,USERNAME152
C3932213.py,C3932213.py,data.xml,,,USERNAME153
C4005904.py,C4005904.py,data.xml,,,USERNAME154
C4005905.py,C4005905.py,data.xml,,,USERNAME155
C4009764.py,C4009764.py,data.xml,,,USERNAME156
C4009765.py,C4009765.py,data.xml,,,USERNAME157
C3931445.py,C3931445.py,data.xml,,,USERNAME158
C3931446.py,C3931446.py,data.xml,,,USERNAME159
C3931447.py,C3931447.py,data.xml,,,USERNAME160
C3931448.py,C3931448.py,data.xml,,,USERNAME161
C4007599.py,C4007599.py,data.xml,,,USERNAME162
C4007601.py,C4007601.py,data.xml,,,USERNAME163
C4007602.py,C4007602.py,data.xml,,,USERNAME164
C4007603.py,C4007603.py,data.xml,,,USERNAME165
C4007604.py,C4007604.py,data.xml,,,USERNAME166
C4007607.py,C4007607.py,data.xml,,,USERNAME167
C4007608.py,C4007608.py,data.xml,,,USERNAME168
C3931449.py,C3931449.py,data.xml,,,USERNAME169
C3931450.py,C3931450.py,data.xml,,,USERNAME170
C3931451.py,C3931451.py,data.xml,,,USERNAME171
C4009572.py,C4009572.py,data.xml,,,USERNAME172
C4009573.py,C4009573.py,data.xml,,,USERNAME173
C4009574.py,C4009574.py,data.xml,,,USERNAME174
C4009575.py,C4009575.py,data.xml,,,USERNAME175
C4009576.py,C4009576.py,data.xml,,,USERNAME176
C4009718.py,C4009718.py,data.xml,,,USERNAME177
C3931452.py,C3931452.py,data.xml,,,USERNAME178
C4009719.py,C4009719.py,data.xml,,,USERNAME179
C4009720.py,C4009720.py,data.xml,,,USERNAME180
C4009722.py,C4009722.py,data.xml,,,USERNAME181
C3931454.py,C3931454.py,data.xml,,,USERNAME182
C4009723.py,C4009723.py,data.xml,,,USERNAME183
C4009724.py,C4009724.py,data.xml,,,USERNAME184
C4009725.py,C4009725.py,data.xml,,,USERNAME185
C4009726.py,C4009726.py,data.xml,,,USERNAME186
C4009728.py,C4009728.py,data.xml,,,USERNAME187
C3931455.py,C3931455.py,data.xml,,,USERNAME188
C4009779.py,C4009779.py,data.xml,,,USERNAME189
C4009780.py,C4009780.py,data.xml,,,USERNAME190
C4009781.py,C4009781.py,data.xml,,,USERNAME191
C4009784.py,C4009784.py,data.xml,,,USERNAME192
C4009785.py,C4009785.py,data.xml,,,USERNAME193
C3931428.py,C3931428.py,data.xml,,,USERNAME194
C4009792.py,C4009792.py,data.xml,,,USERNAME195
C3931431.py,C3931431.py,data.xml,,,USERNAME196
C4009796.py,C4009796.py,data.xml,,,USERNAME197
C4009797.py,C4009797.py,data.xml,,,USERNAME198
C4009803.py,C4009803.py,data.xml,,,USERNAME199
C4009804.py,C4009804.py,data.xml,,,USERNAME200
C4009805.py,C4009805.py,data.xml,,,USERNAME201
C4009806.py,C4009806.py,data.xml,,,USERNAME202
C4009807.py,C4009807.py,data.xml,,,USERNAME203
C4009808.py,C4009808.py,data.xml,,,USERNAME204
C4009809.py,C4009809.py,data.xml,,,USERNAME205
C4009810.py,C4009810.py,data.xml,,,USERNAME206
C4009811.py,C4009811.py,data.xml,,,USERNAME207
C4009812.py,C4009812.py,data.xml,,,USERNAME208
C4009813.py,C4009813.py,data.xml,,,USERNAME209
C4009814.py,C4009814.py,data.xml,,,USERNAME210
C4009815.py,C4009815.py,data.xml,,,USERNAME211
C4009816.py,C4009816.py,data.xml,,,USERNAME212
C4009817.py,C4009817.py,data.xml,,,USERNAME213
C4009820.py,C4009820.py,data.xml,,,USERNAME214
C4009821.py,C4009821.py,data.xml,,,USERNAME215
C3931432.py,C3931432.py,data.xml,,,USERNAME216
C4009823.py,C4009823.py,data.xml,,,USERNAME217
C4009824.py,C4009824.py,data.xml,,,USERNAME218
C4009825.py,C4009825.py,data.xml,,,USERNAME219
C4009826.py,C4009826.py,data.xml,,,USERNAME220
C4009827.py,C4009827.py,data.xml,,,USERNAME221
C3931433.py,C3931433.py,data.xml,,,USERNAME222
C3931434.py,C3931434.py,data.xml,,,USERNAME223
C3931435.py,C3931435.py,data.xml,,,USERNAME224
C4009828.py,C4009828.py,data.xml,,,USERNAME225
C4009829.py,C4009829.py,data.xml,,,USERNAME226
C4009830.py,C4009830.py,data.xml,,,USERNAME227
C4009831.py,C4009831.py,data.xml,,,USERNAME228
C4009832.py,C4009832.py,data.xml,,,USERNAME229
C4009833.py,C4009833.py,data.xml,,,USERNAME230
C4009834.py,C4009834.py,data.xml,,,USERNAME231
C4009835.py,C4009835.py,data.xml,,,USERNAME232
C4009836.py,C4009836.py,data.xml,,,USERNAME233
C4009837.py,C4009837.py,data.xml,,,USERNAME234
C4009839.py,C4009839.py,data.xml,,,USERNAME235
C4009840.py,C4009840.py,data.xml,,,USERNAME236
C4009842.py,C4009842.py,data.xml,,,USERNAME237
C4009846.py,C4009846.py,data.xml,,,USERNAME238
C4009848.py,C4009848.py,data.xml,,,USERNAME239
C4009849.py,C4009849.py,data.xml,,,USERNAME240
C4009850.py,C4009850.py,data.xml,,,USERNAME241
C4009851.py,C4009851.py,data.xml,,,USERNAME242
C4009852.py,C4009852.py,data.xml,,,USERNAME243
C4009854.py,C4009854.py,data.xml,,,USERNAME244
C4009855.py,C4009855.py,data.xml,,,USERNAME245
C4009856.py,C4009856.py,data.xml,,,USERNAME246
C3932214.py,C3932214.py,data.xml,,,USERNAME247
C3932215.py,C3932215.py,data.xml,,,USERNAME248
C3932216.py,C3932216.py,data.xml,,,USERNAME249
C3931436.py,C3931436.py,data.xml,,,USERNAME250
C3931437.py,C3931437.py,data.xml,,,USERNAME251
C4009857.py,C4009857.py,data.xml,,,USERNAME252
C4009859.py,C4009859.py,data.xml,,,USERNAME253
C4009861.py,C4009861.py,data.xml,,,USERNAME254
C4009862.py,C4009862.py,data.xml,,,USERNAME255
C4009863.py,C4009863.py,data.xml,,,USERNAME256
C4009864.py,C4009864.py,data.xml,,,USERNAME257
C4009865.py,C4009865.py,data.xml,,,USERNAME258
C4009866.py,C4009866.py,data.xml,,,USERNAME259
C4009884.py,C4009884.py,data.xml,,,USERNAME260
C4009885.py,C4009885.py,data.xml,,,USERNAME261
C4009887.py,C4009887.py,data.xml,,,USERNAME262
C4009888.py,C4009888.py,data.xml,,,USERNAME263
C3932218.py,C3932218.py,data.xml,,,USERNAME264
C3932219.py,C3932219.py,data.xml,,,USERNAME265
C3932220.py,C3932220.py,data.xml,,,USERNAME266
C3932221.py,C3932221.py,data.xml,,,USERNAME267
C4009898.py,C4009898.py,data.xml,,,USERNAME268
C4009899.py,C4009899.py,data.xml,,,USERNAME269
C4009900.py,C4009900.py,data.xml,,,USERNAME270
C4009901.py,C4009901.py,data.xml,,,USERNAME271
C4009902.py,C4009902.py,data.xml,,,USERNAME272
C4009903.py,C4009903.py,data.xml,,,USERNAME273
C4009904.py,C4009904.py,data.xml,,,USERNAME274
C4009905.py,C4009905.py,data.xml,,,USERNAME275
C4009906.py,C4009906.py,data.xml,,,USERNAME276
C4009907.py,C4009907.py,data.xml,,,USERNAME277
C4009909.py,C4009909.py,data.xml,,,USERNAME278
C4009910.py,C4009910.py,data.xml,,,USERNAME279
C4009911.py,C4009911.py,data.xml,,,USERNAME280
C3931405.py,C3931405.py,data.xml,,,USERNAME281
C4006268.py,C4006268.py,data.xml,,,USERNAME282
C4006272.py,C4006272.py,data.xml,,,USERNAME283
C3931409.py,C3931409.py,data.xml,,,USERNAME284
C3931411.py,C3931411.py,data.xml,,,USERNAME285
C4006393.py,C4006393.py,data.xml,,,USERNAME286
C4006394.py,C4006394.py,data.xml,,,USERNAME287
C4006396.py,C4006396.py,data.xml,,,USERNAME288
C3931412.py,C3931412.py,data.xml,,,USERNAME289
C4024993.py,C4024993.py,data.xml,,,USERNAME290
C4026494.py,C4026494.py,data.xml,,,USERNAME291
C4026495.py,C4026495.py,data.xml,,,USERNAME292
C4026496.py,C4026496.py,data.xml,,,USERNAME293
C4026500.py,C4026500.py,data.xml,,,USERNAME294
C4026501.py,C4026501.py,data.xml,,,USERNAME295
C4026502.py,C4026502.py,data.xml,,,USERNAME296
C4026503.py,C4026503.py,data.xml,,,USERNAME297
C4026508.py,C4026508.py,data.xml,,,USERNAME298
C4006418.py,C4006418.py,data.xml,,,USERNAME299
C4006422.py,C4006422.py,data.xml,,,USERNAME300
C4006427.py,C4006427.py,data.xml,,,USERNAME301
C4006428.py,C4006428.py,data.xml,,,USERNAME302
C4006532.py,C4006532.py,data.xml,,,USERNAME303
C4009770.py,C4009770.py,data.xml,,,USERNAME304
C4009771.py,C4009771.py,data.xml,,,USERNAME305
C4009838.py,C4009838.py,data.xml,,,USERNAME306
C4009869.py,C4009869.py,data.xml,,,USERNAME307
C4009870.py,C4009870.py,data.xml,,,USERNAME308
C4009871.py,C4009871.py,data.xml,,,USERNAME309
C4009872.py,C4009872.py,data.xml,,,USERNAME310
C4009873.py,C4009873.py,data.xml,,,USERNAME311
C4009875.py,C4009875.py,data.xml,,,USERNAME312
C4009876.py,C4009876.py,data.xml,,,USERNAME313
C4009877.py,C4009877.py,data.xml,,,USERNAME314
C4009878.py,C4009878.py,data.xml,,,USERNAME315
C4009879.py,C4009879.py,data.xml,,,USERNAME316
C4009880.py,C4009880.py,data.xml,,,USERNAME317
C3932217.py,C3932217.py,data.xml,,,USERNAME318
C4006162.py,C4006162.py,data.xml,,,USERNAME319
C4009889.py,C4009889.py,data.xml,,,USERNAME320
C4009890.py,C4009890.py,data.xml,,,USERNAME321
C4009891.py,C4009891.py,data.xml,,,USERNAME322
C4009892.py,C4009892.py,data.xml,,,USERNAME323
C4009893.py,C4009893.py,data.xml,,,USERNAME324
C3931438.py,C3931438.py,data.xml,,,USERNAME325
C3931439.py,C3931439.py,data.xml,,,USERNAME326
C3931441.py,C3931441.py,data.xml,,,USERNAME327
C3931443.py,C3931443.py,data.xml,,,USERNAME328
C3934438.py,C3934438.py,data.xml,,,USERNAME329
C4025008.py,C4025008.py,data.xml,,,USERNAME330
C4025023.py,C4025023.py,data.xml,,,USERNAME331
C4025024.py,C4025024.py,data.xml,,,USERNAME332
C4025025.py,C4025025.py,data.xml,,,USERNAME333
C4025026.py,C4025026.py,data.xml,,,USERNAME334
C4025027.py,C4025027.py,data.xml,,,USERNAME335
C4025028.py,C4025028.py,data.xml,,,USERNAME336
C4025029.py,C4025029.py,data.xml,,,USERNAME337
C4025030.py,C4025030.py,data.xml,,,USERNAME338
C4025031.py,C4025031.py,data.xml,,,USERNAME339
C4025032.py,C4025032.py,data.xml,,,USERNAME340
C4029525.py,C4029525.py,data.xml,,,USERNAME341
C4029526.py,C4029526.py,data.xml,,,USERNAME342
C4029527.py,C4029527.py,data.xml,,,USERNAME343
C4029528.py,C4029528.py,data.xml,,,USERNAME344
C4029529.py,C4029529.py,data.xml,,,USERNAME345
C4029530.py,C4029530.py,data.xml,,,USERNAME346
C4030595.py,C4030595.py,data.xml,,,USERNAME347
C4030596.py,C4030596.py,data.xml,,,USERNAME348
C4030597.py,C4030597.py,data.xml,,,USERNAME349
C4030598.py,C4030598.py,data.xml,,,USERNAME350
C4030599.py,C4030599.py,data.xml,,,USERNAME351
C4006235.py,C4006235.py,data.xml,,,USERNAME352
C4006236.py,C4006236.py,data.xml,,,USERNAME353
C4006277.py,C4006277.py,data.xml,,,USERNAME354
